0.036744,-1.366086,-3.730708,-4.728645,-3.935270,-1.891433,-1.011061,-0.556024,-0.321013,-0.164150,-0.134746,-0.056289,-0.052030,-0.009610,0.019666,0.042644,0.071619,0.102920,0.156873,0.170913,0.260485,0.277191,0.384165,0.410567,0.503877,0.537450,0.619454,0.589528,0.591718,0.542770,0.512928,0.435538,0.413822,0.393815,0.426491,0.456482,0.418482,0.413855,0.383297,0.407799,0.382404,0.402212,0.389969,0.438385,0.361357,0.386522,0.328319,0.360455,0.287022,0.324480,0.228203,0.258003,0.198180,0.219622,0.128964,0.145927,0.077958,0.105576,0.082639,0.103936,0.059828,0.076932,0.050537,0.059890,0.054131,0.043635,0.056613,0.042649,0.036426,0.023536,0.031143,0.023106,0.024038,0.000022,0.053556,0.032431,0.048589,0.029700,0.021533,0.028162,0.024228,0.033910,-0.001735,0.061621,-0.002804,0.067971,0.016552,0.093526,-0.000091,0.111309,-0.013599,0.220569,0.036219,1.265136,2.519138,2.584477,4.211333,4.312837,1.501304,-2.097782,-3.400492,-2.094568,-1.026161,-0.723236,-0.411386,-0.390991,-0.344176,-0.404636,-0.385579,-0.429187,-0.421417,-0.515523,-0.479500,-0.551625,-0.503427,-0.570966,-0.530456,-0.607054,-0.533519,-0.619400,-0.545307,-0.593738,-0.552575,-0.614115,-0.521587,-0.514889,-0.403349,-0.374282,-0.232545,-0.156022,-0.015533,0.065739,0.178752,0.272426,0.353866,0.401014,0.396576,0.425386,0.430163,0.467002,0.452798,0.484365,0.456552,0.482876,0.445571,0.445272,0.392359,0.397936,0.343853,0.000000,0.000000,0.000000,0.000000,0.000000,0.000000,0.000000,0.000000,0.000000,0.000000,0.000000,0.000000,0.000000,0.000000,0.000000,0.000000,0.000000,0.000000,0.000000,0.000000,0.000000,0.000000,0.000000,0.000000,0.000000,0.000000,0.000000,0.000000,0.000000,0.000000,0.000000,0.000000,0.000000,0.000000,0.000000,0.000000,0.000000,0.000000,7.000000
3.393138,2.780129,-1.756231,-3.528320,-2.708000,-1.146427,-0.919377,-0.433168,-0.483205,-0.339736,-0.478897,-0.391202,-0.502183,-0.428586,-0.585468,-0.503045,-0.621058,-0.534851,-0.637947,-0.565474,-0.674669,-0.575473,-0.681753,-0.594421,-0.653082,-0.599849,-0.674785,-0.574193,-0.570344,-0.449017,-0.419686,-0.268690,-0.185779,-0.035423,0.053426,0.174169,0.275534,0.363819,0.414922,0.411001,0.441034,0.447131,0.485774,0.471223,0.504586,0.474630,0.503394,0.461541,0.462492,0.403515,0.413596,0.341721,0.330776,0.285233,0.267509,0.226832,0.208474,0.219507,0.183629,0.157193,0.153226,0.168753,0.160452,0.168546,0.125003,0.158643,0.135962,0.162847,0.133900,0.179042,0.106304,0.167652,0.110363,0.163534,0.126661,0.163877,0.100830,0.151767,0.107103,0.157202,0.100366,0.114924,0.098309,0.113598,0.090962,0.098498,0.080252,0.100089,0.096140,0.125947,0.122746,0.114385,0.107793,0.118249,0.131338,0.163155,0.164402,0.171358,0.605203,3.485657,5.722461,4.311067,0.724462,-3.121630,-3.155878,-1.507751,-0.784152,-0.480542,-0.258325,-0.303267,-0.253106,-0.351895,-0.316847,-0.387348,-0.354065,-0.408894,-0.378277,-0.416533,-0.412005,-0.400277,-0.419033,-0.430901,-0.422325,-0.421469,-0.428989,-0.403497,-0.343778,-0.335483,-0.379718,-0.416097,-0.380643,-0.357893,-0.270679,-0.170246,0.001481,0.167081,0.355158,0.354246,0.453521,0.407014,0.503724,0.423705,0.547607,0.416017,0.571741,0.387507,0.584120,0.343740,0.598804,0.235889,0.659778,-0.038207,0.000000,0.000000,0.000000,0.000000,0.000000,0.000000,0.000000,0.000000,0.000000,0.000000,0.000000,0.000000,0.000000,0.000000,0.000000,0.000000,0.000000,0.000000,0.000000,0.000000,0.000000,0.000000,0.000000,0.000000,0.000000,0.000000,0.000000,0.000000,0.000000,0.000000,0.000000,0.000000,0.000000,0.000000,0.000000,7.000000
3.447015,3.616045,0.634254,-3.184968,-2.530755,-0.758530,-0.424702,0.098549,0.018878,0.118882,-0.043511,-0.011960,-0.181582,-0.162372,-0.302649,-0.231824,-0.372439,-0.331976,-0.443420,-0.418374,-0.478995,-0.442953,-0.483471,-0.491560,-0.525029,-0.480533,-0.441878,-0.482073,-0.512196,-0.562392,-0.483447,-0.441516,-0.276112,-0.177045,0.091506,0.237735,0.426662,0.457163,0.524798,0.485323,0.572164,0.535250,0.601183,0.529182,0.587347,0.522492,0.583767,0.528665,0.547429,0.510599,0.514478,0.463190,0.490835,0.438034,0.420071,0.374190,0.361377,0.328062,0.363557,0.330710,0.337904,0.324139,0.310289,0.325463,0.286044,0.319552,0.266000,0.287922,0.259299,0.287828,0.293138,0.263145,0.228957,0.251950,0.249188,0.242817,0.232756,0.201577,0.191534,0.162499,0.222118,0.189068,0.211955,0.166579,0.200231,0.159964,0.209711,0.109226,0.209262,0.107465,0.223249,0.123664,0.234352,0.136135,0.221873,0.147034,0.246867,0.291131,1.634401,3.484582,4.583729,2.438840,-1.233458,-4.131682,-3.270330,-1.767749,-1.325453,-0.885632,-0.725686,-0.667356,-0.646836,-0.611440,-0.670615,-0.656240,-0.693355,-0.736070,-0.750643,-0.738315,-0.775412,-0.760993,-0.827591,-0.804862,-0.853004,-0.863046,-0.872442,-0.867643,-0.896915,-0.927151,-0.855666,-0.799737,-0.728943,-0.661864,-0.466665,-0.368947,-0.160280,-0.086746,0.149277,0.194551,0.402621,0.354968,0.492414,0.402108,0.545564,0.409306,0.597659,0.441685,0.663567,0.436585,0.701818,0.392528,0.767228,0.182317,0.000000,0.000000,0.000000,0.000000,0.000000,0.000000,0.000000,0.000000,0.000000,0.000000,0.000000,0.000000,0.000000,0.000000,0.000000,0.000000,0.000000,0.000000,0.000000,0.000000,0.000000,0.000000,0.000000,0.000000,0.000000,0.000000,0.000000,0.000000,0.000000,0.000000,0.000000,0.000000,0.000000,0.000000,0.000000,1.000000
3.203616,2.866160,-1.610289,-4.328420,-3.944801,-1.950941,-1.414244,-0.835537,-0.735437,-0.578856,-0.598563,-0.513780,-0.542721,-0.497316,-0.513480,-0.486208,-0.499470,-0.487689,-0.477558,-0.467060,-0.477252,-0.490864,-0.498417,-0.504591,-0.509601,-0.460099,-0.455748,-0.402613,-0.433255,-0.428606,-0.501912,-0.370947,-0.332690,-0.201158,-0.118217,0.106408,0.229726,0.404641,0.360039,0.457721,0.444421,0.513202,0.466791,0.546649,0.466879,0.484577,0.463410,0.497978,0.478991,0.480030,0.454119,0.451189,0.451914,0.435131,0.461865,0.420195,0.484809,0.420846,0.463461,0.390811,0.444065,0.387204,0.445421,0.375416,0.410629,0.373577,0.406684,0.312700,0.357013,0.336559,0.375269,0.327287,0.360708,0.296699,0.331452,0.291800,0.302424,0.283865,0.306993,0.299531,0.288443,0.298660,0.273437,0.285639,0.257408,0.271827,0.244197,0.255494,0.249903,0.266114,0.256809,0.264986,0.272030,0.294767,0.303822,0.300033,1.014124,2.873631,4.246899,2.525312,-1.303188,-3.822797,-2.706664,-1.372447,-0.939491,-0.577646,-0.440545,-0.418403,-0.382896,-0.417560,-0.395725,-0.457798,-0.404577,-0.482137,-0.432095,-0.512484,-0.460660,-0.546799,-0.477213,-0.572430,-0.534889,-0.621987,-0.583833,-0.649964,-0.602283,-0.572473,-0.472028,-0.439885,-0.326656,-0.181577,-0.024637,0.035746,0.207983,0.292513,0.427270,0.495169,0.537944,0.555467,0.560798,0.555830,0.625907,0.601622,0.673496,0.616973,0.688865,0.571119,0.735768,0.528737,0.838434,0.278057,0.000000,0.000000,0.000000,0.000000,0.000000,0.000000,0.000000,0.000000,0.000000,0.000000,0.000000,0.000000,0.000000,0.000000,0.000000,0.000000,0.000000,0.000000,0.000000,0.000000,0.000000,0.000000,0.000000,0.000000,0.000000,0.000000,0.000000,0.000000,0.000000,0.000000,0.000000,0.000000,0.000000,0.000000,0.000000,0.000000,0.000000,1.000000
3.165764,3.241558,-0.792891,-3.825907,-4.319059,-2.163215,-1.491738,-0.823161,-0.734293,-0.531339,-0.604311,-0.425498,-0.531525,-0.410102,-0.535552,-0.446696,-0.555831,-0.422768,-0.503362,-0.415035,-0.490099,-0.435292,-0.516372,-0.458813,-0.535526,-0.493030,-0.551564,-0.527975,-0.528211,-0.476090,-0.460388,-0.425523,-0.382775,-0.290773,-0.158715,-0.068535,0.086533,0.137419,0.317007,0.375284,0.473966,0.461619,0.499125,0.468245,0.483971,0.445031,0.479362,0.475409,0.469220,0.480571,0.457784,0.464359,0.459915,0.499181,0.459110,0.547259,0.454372,0.501607,0.470186,0.517063,0.465401,0.521703,0.459292,0.536172,0.443534,0.507181,0.428617,0.468621,0.377603,0.402920,0.326527,0.381921,0.341037,0.351864,0.321513,0.332531,0.289801,0.270315,0.288637,0.263297,0.284424,0.241612,0.254511,0.231406,0.252722,0.225641,0.255325,0.221257,0.252871,0.198388,0.238694,0.193803,0.218743,0.203003,0.206374,0.196250,0.209478,0.218365,0.206026,0.216059,0.227656,0.221170,0.397441,1.920303,3.870314,4.089877,0.822768,-3.254510,-3.882185,-1.871051,-1.254343,-0.696677,-0.611367,-0.450821,-0.480902,-0.415158,-0.494117,-0.430903,-0.507361,-0.450388,-0.490670,-0.455882,-0.499546,-0.461603,-0.512077,-0.503637,-0.561553,-0.565568,-0.592400,-0.609430,-0.641957,-0.645498,-0.581752,-0.487641,-0.360563,-0.237057,-0.106646,0.060579,0.141519,0.225924,0.268826,0.397924,0.448285,0.518992,0.460728,0.535305,0.464008,0.577902,0.481796,0.576938,0.463806,0.617430,0.436026,0.679975,0.389229,0.787862,0.168287,0.000000,0.000000,0.000000,0.000000,0.000000,0.000000,0.000000,0.000000,0.000000,0.000000,0.000000,0.000000,0.000000,0.000000,0.000000,0.000000,0.000000,0.000000,0.000000,0.000000,0.000000,0.000000,0.000000,0.000000,0.000000,0.000000,0.000000,0.000000,0.000000,0.000000,1.000000
3.234374,2.951080,-2.129401,-4.327859,-2.858640,-1.191715,-0.933185,-0.485195,-0.537410,-0.366773,-0.451803,-0.385482,-0.430533,-0.364473,-0.393441,-0.355997,-0.375136,-0.383595,-0.402579,-0.403453,-0.435570,-0.431554,-0.466599,-0.477964,-0.457161,-0.381921,-0.364823,-0.285292,-0.214391,-0.067407,0.003958,0.145351,0.251401,0.430985,0.437952,0.489998,0.434493,0.526165,0.447998,0.538440,0.459813,0.521473,0.456800,0.514055,0.455608,0.530421,0.444535,0.534972,0.454433,0.556799,0.474658,0.545231,0.475317,0.534167,0.469595,0.515059,0.454596,0.471465,0.432285,0.438301,0.403837,0.386392,0.362854,0.381352,0.313535,0.315030,0.314430,0.288154,0.285774,0.240125,0.246791,0.225837,0.249835,0.226049,0.221390,0.211102,0.222428,0.183970,0.198336,0.196820,0.176809,0.166246,0.182239,0.170180,0.140027,0.190918,0.130649,0.185154,0.134605,0.230274,0.089423,0.678384,2.747843,4.345757,2.033297,-2.425373,-4.630786,-2.800885,-1.487757,-0.916267,-0.664650,-0.564574,-0.541269,-0.475420,-0.499259,-0.466829,-0.508253,-0.437829,-0.480969,-0.434848,-0.468772,-0.425915,-0.486266,-0.469316,-0.513987,-0.487453,-0.535574,-0.527842,-0.533963,-0.513350,-0.471647,-0.436261,-0.381665,-0.275044,-0.144878,-0.038109,0.080520,0.199318,0.348307,0.415168,0.428371,0.459236,0.442659,0.490474,0.448353,0.486980,0.417637,0.499316,0.416838,0.515871,0.372810,0.557792,0.312593,0.676133,0.128357,0.000000,0.000000,0.000000,0.000000,0.000000,0.000000,0.000000,0.000000,0.000000,0.000000,0.000000,0.000000,0.000000,0.000000,0.000000,0.000000,0.000000,0.000000,0.000000,0.000000,0.000000,0.000000,0.000000,0.000000,0.000000,0.000000,0.000000,0.000000,0.000000,0.000000,0.000000,0.000000,0.000000,0.000000,0.000000,0.000000,0.000000,0.000000,0.000000,0.000000,0.000000,0.000000,1.000000
3.099867,1.993021,-2.947317,-4.493223,-2.738833,-1.381718,-0.946476,-0.615400,-0.606615,-0.506199,-0.511963,-0.472496,-0.499889,-0.485114,-0.465928,-0.461890,-0.460733,-0.451351,-0.450593,-0.470771,-0.493209,-0.498805,-0.510959,-0.520491,-0.551634,-0.518519,-0.537884,-0.456108,-0.461384,-0.366314,-0.303192,-0.129609,-0.066838,0.096801,0.168160,0.365246,0.388218,0.451663,0.431027,0.469497,0.458064,0.481630,0.450043,0.457928,0.450816,0.469605,0.453144,0.447915,0.459787,0.442517,0.477015,0.481588,0.499113,0.496049,0.567562,0.505976,0.559079,0.491904,0.558697,0.478226,0.526727,0.455537,0.491876,0.386870,0.465860,0.389514,0.421480,0.344198,0.395792,0.346181,0.362011,0.326209,0.317828,0.293775,0.315735,0.288075,0.283143,0.276153,0.251886,0.270569,0.244261,0.252763,0.223997,0.220797,0.216063,0.225638,0.221526,0.240674,0.226499,0.249042,0.237519,0.255611,0.263461,0.315316,1.559269,3.554561,4.335856,1.759256,-2.686674,-4.201613,-2.197665,-1.284233,-0.773238,-0.577255,-0.468749,-0.464076,-0.374795,-0.451954,-0.392468,-0.483471,-0.390707,-0.462467,-0.392031,-0.482601,-0.426064,-0.536444,-0.466878,-0.542474,-0.509388,-0.619721,-0.585316,-0.662392,-0.595560,-0.578652,-0.446192,-0.368692,-0.243747,-0.128046,0.021910,0.087071,0.217557,0.242524,0.367087,0.451420,0.467557,0.447381,0.495667,0.457530,0.529503,0.467088,0.572402,0.459641,0.582420,0.427921,0.622188,0.385262,0.735108,0.176091,0.000000,0.000000,0.000000,0.000000,0.000000,0.000000,0.000000,0.000000,0.000000,0.000000,0.000000,0.000000,0.000000,0.000000,0.000000,0.000000,0.000000,0.000000,0.000000,0.000000,0.000000,0.000000,0.000000,0.000000,0.000000,0.000000,0.000000,0.000000,0.000000,0.000000,0.000000,0.000000,0.000000,0.000000,0.000000,0.000000,0.000000,0.000000,0.000000,1.000000
1.762811,1.427143,-1.016095,-2.203984,-1.754415,-0.761779,-0.581404,-0.264209,-0.279724,-0.151294,-0.205865,-0.127520,-0.186041,-0.139400,-0.175203,-0.141655,-0.171256,-0.128848,-0.170216,-0.151586,-0.174397,-0.181123,-0.199788,-0.197381,-0.211902,-0.223519,-0.212863,-0.189453,-0.155808,-0.140053,-0.092586,-0.048026,0.032471,0.066611,0.161898,0.200823,0.290182,0.306829,0.324981,0.325227,0.350343,0.344906,0.354004,0.352523,0.345063,0.353326,0.351618,0.361442,0.354209,0.371693,0.354379,0.377970,0.362797,0.362260,0.315560,0.346082,0.394849,0.425180,0.363228,0.730575,1.309968,2.058541,2.911491,3.693867,3.841099,3.656799,2.217588,0.733987,0.405662,0.201518,-0.001904,-0.229270,-0.284329,-0.437943,-0.524590,-0.650367,-0.697341,-0.804763,-0.845053,-0.946808,-0.984100,-1.086646,-1.107849,-1.219235,-1.255340,-1.364675,-1.382775,-1.494414,-1.500491,-1.567006,-1.528029,-1.550512,-1.434194,-1.364726,-1.144110,-0.963896,-0.690461,-0.505446,-0.255845,-0.100472,0.062395,0.134346,0.225061,0.239451,0.305514,0.301880,0.358606,0.336523,0.395579,0.348703,0.429454,0.363638,0.464207,0.351232,0.509879,0.232010,0.000000,0.000000,0.000000,0.000000,0.000000,0.000000,0.000000,0.000000,0.000000,0.000000,0.000000,0.000000,0.000000,0.000000,0.000000,0.000000,0.000000,0.000000,0.000000,0.000000,0.000000,0.000000,0.000000,0.000000,0.000000,0.000000,0.000000,0.000000,0.000000,0.000000,0.000000,0.000000,0.000000,0.000000,0.000000,0.000000,0.000000,0.000000,0.000000,0.000000,0.000000,0.000000,0.000000,0.000000,0.000000,0.000000,0.000000,0.000000,0.000000,0.000000,0.000000,0.000000,0.000000,0.000000,0.000000,0.000000,0.000000,0.000000,0.000000,0.000000,0.000000,0.000000,0.000000,0.000000,0.000000,0.000000,0.000000,0.000000,0.000000,0.000000,0.000000,5.000000
-0.087244,0.021567,0.162871,0.269176,0.302677,0.433222,0.461266,0.598796,0.639601,0.787683,0.836415,0.988022,1.019437,1.143584,1.213820,1.337434,1.370248,1.445704,1.476871,1.532856,1.505111,1.381705,1.182481,0.981190,0.767588,0.510653,0.362959,0.267657,0.238119,0.123947,0.145266,0.092208,0.124671,0.059905,0.101880,0.060593,0.099931,0.049107,0.068520,0.031422,0.039930,0.002796,-0.000239,-0.001090,-0.034246,-0.034227,-0.070740,-0.077946,-0.120133,-0.094833,-0.162493,-0.153408,-0.223474,-0.200362,-0.248233,-0.201103,-0.249455,-0.212974,-0.293162,-0.277947,-0.301613,-0.281974,-0.305719,-0.270705,-0.320054,-0.322864,-0.321778,-0.321660,-0.299692,-0.328998,-0.296238,-0.340895,-0.301920,-0.367243,-0.310829,-0.357782,-0.303487,-0.362381,-0.269276,-0.367328,-0.207624,-0.343753,0.745621,2.368232,1.004200,0.535308,-0.245696,-1.265571,-1.731770,-0.883432,-1.685275,-4.236450,-5.831969,-5.209743,-2.818185,-1.352823,-0.879543,-0.471897,-0.384577,-0.235907,-0.218532,-0.111578,-0.133695,-0.020039,-0.037848,0.092420,0.082541,0.179667,0.198415,0.286173,0.309552,0.399089,0.412755,0.464358,0.519436,0.625555,0.674506,0.665504,0.612633,0.531800,0.469128,0.355008,0.306253,0.231821,0.277213,0.196062,0.149564,0.105278,0.110856,0.040946,0.070458,0.035831,0.047833,0.019258,0.005575,0.030132,0.004260,-0.000477,0.000000,0.000000,0.000000,0.000000,0.000000,0.000000,0.000000,0.000000,0.000000,0.000000,0.000000,0.000000,0.000000,0.000000,0.000000,0.000000,0.000000,0.000000,0.000000,0.000000,0.000000,0.000000,0.000000,0.000000,0.000000,0.000000,0.000000,0.000000,0.000000,0.000000,0.000000,0.000000,0.000000,0.000000,0.000000,0.000000,0.000000,0.000000,0.000000,0.000000,0.000000,0.000000,0.000000,0.000000,0.000000,0.000000,0.000000,0.000000,0.000000,7.000000
2.426870,2.558958,-1.214873,-3.786044,-4.147824,-2.132407,-1.153963,-0.619544,-0.410288,-0.334469,-0.318422,-0.290679,-0.320257,-0.324883,-0.316284,-0.335740,-0.333546,-0.363602,-0.362786,-0.356460,-0.361219,-0.386407,-0.420115,-0.404958,-0.424347,-0.415457,-0.423124,-0.310321,-0.231260,-0.053257,-0.001077,0.149827,0.183600,0.292826,0.258409,0.334288,0.315228,0.435388,0.356409,0.422903,0.372299,0.401378,0.360027,0.382879,0.365206,0.373963,0.351140,0.347181,0.341987,0.329257,0.321429,0.294446,0.292032,0.274153,0.304808,0.233585,0.247241,0.211267,0.255969,0.183122,0.226354,0.162948,0.215860,0.146583,0.171165,0.133928,0.151946,0.125117,0.155359,0.111015,0.118445,0.118541,0.095272,0.110751,0.091546,0.131689,0.092412,0.114122,0.053602,0.124939,0.072082,0.128298,0.051055,0.118482,0.060755,0.117085,0.051385,0.127955,0.056912,0.099019,0.040858,0.120496,0.053126,0.108695,0.064474,0.106971,0.068593,0.155283,0.095066,0.271521,0.265882,2.106681,3.420630,3.816708,4.898427,2.781219,-0.900445,-3.747480,-3.046613,-1.415763,-0.806221,-0.473591,-0.290431,-0.335940,-0.279515,-0.344165,-0.299742,-0.370899,-0.359576,-0.435131,-0.406281,-0.435052,-0.456528,-0.494068,-0.505857,-0.547649,-0.573440,-0.590435,-0.611885,-0.625521,-0.660135,-0.625395,-0.570353,-0.449240,-0.340320,-0.229208,-0.141285,-0.030602,0.069095,0.148811,0.193651,0.235123,0.339690,0.354071,0.403001,0.378679,0.422530,0.377453,0.460277,0.362582,0.476751,0.332734,0.499504,0.331107,0.558426,0.121567,0.000000,0.000000,0.000000,0.000000,0.000000,0.000000,0.000000,0.000000,0.000000,0.000000,0.000000,0.000000,0.000000,0.000000,0.000000,0.000000,0.000000,0.000000,0.000000,0.000000,0.000000,0.000000,0.000000,0.000000,0.000000,0.000000,0.000000,0.000000,0.000000,0.000000,0.000000,7.000000
3.393255,3.580599,-0.799290,-3.496378,-3.479884,-1.466746,-1.009862,-0.460945,-0.429181,-0.309583,-0.402276,-0.326537,-0.414106,-0.359097,-0.466734,-0.429872,-0.512636,-0.434720,-0.555810,-0.499439,-0.602758,-0.555964,-0.668896,-0.603032,-0.705749,-0.640403,-0.753021,-0.644944,-0.663802,-0.469703,-0.430156,-0.246061,-0.227471,-0.044584,-0.014135,0.138918,0.112089,0.227971,0.258178,0.351196,0.319641,0.379682,0.334919,0.384213,0.366115,0.377711,0.371299,0.363002,0.372102,0.398722,0.361396,0.347198,0.352111,0.335780,0.347272,0.307003,0.307302,0.279902,0.292138,0.258925,0.289368,0.240639,0.247556,0.218206,0.249973,0.236338,0.208358,0.228612,0.190519,0.175744,0.145062,0.188131,0.143785,0.184574,0.105227,0.158543,0.095970,0.144303,0.086041,0.150472,0.079927,0.151106,0.082605,0.147142,0.077475,0.142794,0.080690,0.133137,0.059009,0.127337,0.090838,0.129174,0.065832,0.108281,0.069241,0.093039,0.079671,0.120915,0.094190,0.111897,0.107720,0.124503,0.154931,0.139891,0.194025,0.976085,4.111979,5.510782,3.812326,0.078707,-3.408653,-3.154226,-1.376005,-0.762187,-0.336112,-0.210690,-0.180678,-0.190183,-0.224574,-0.241474,-0.293215,-0.301644,-0.339404,-0.344528,-0.400300,-0.391441,-0.432738,-0.402831,-0.512385,-0.483800,-0.593497,-0.552981,-0.640182,-0.562497,-0.633091,-0.478980,-0.531748,-0.386616,-0.363801,-0.159060,-0.158436,0.066205,0.083170,0.332081,0.326299,0.454316,0.366762,0.471214,0.383439,0.477848,0.359044,0.490627,0.339728,0.481373,0.307975,0.515163,0.254895,0.606195,-0.005903,0.000000,0.000000,0.000000,0.000000,0.000000,0.000000,0.000000,0.000000,0.000000,0.000000,0.000000,0.000000,0.000000,0.000000,0.000000,0.000000,0.000000,0.000000,0.000000,0.000000,0.000000,0.000000,0.000000,0.000000,0.000000,0.000000,0.000000,0.000000,7.000000
3.977417,4.424463,-0.387622,-3.567979,-3.561522,-1.394259,-0.980175,-0.324402,-0.368053,-0.176773,-0.331029,-0.235100,-0.375947,-0.316375,-0.433810,-0.372209,-0.473651,-0.441946,-0.520239,-0.482210,-0.527352,-0.566082,-0.613406,-0.653677,-0.688137,-0.707127,-0.700425,-0.703202,-0.620456,-0.590509,-0.527112,-0.420992,-0.287764,-0.196324,-0.055409,0.064652,0.219497,0.342154,0.364856,0.399492,0.378410,0.423304,0.383581,0.406651,0.381052,0.407667,0.350770,0.397363,0.346604,0.402221,0.338430,0.378619,0.319435,0.397019,0.333242,0.355914,0.299628,0.337650,0.297339,0.313442,0.311367,0.288921,0.273475,0.270897,0.254032,0.214445,0.242048,0.188196,0.215266,0.154960,0.175247,0.135108,0.197842,0.101731,0.154443,0.091166,0.140592,0.093943,0.168584,0.083344,0.125998,0.065764,0.118421,0.080422,0.124393,0.088169,0.106932,0.070258,0.074596,0.105897,0.083875,0.076391,0.063694,0.078332,0.079611,0.093993,0.106739,0.095331,0.128965,0.117506,0.135997,0.723989,2.739779,4.112586,4.231580,1.754488,-3.006965,-3.565114,-1.569312,-0.662363,-0.247376,-0.103781,-0.072819,-0.135405,-0.143537,-0.224516,-0.237975,-0.347679,-0.322293,-0.404144,-0.375306,-0.477462,-0.430519,-0.542429,-0.499389,-0.616389,-0.569421,-0.709305,-0.650878,-0.704929,-0.613471,-0.640079,-0.570586,-0.589774,-0.424412,-0.342150,-0.169302,-0.062435,0.138341,0.253292,0.382885,0.382575,0.406607,0.370006,0.430207,0.350499,0.434203,0.361342,0.440454,0.323272,0.456979,0.270808,0.523872,0.192437,0.635258,-0.100429,0.000000,0.000000,0.000000,0.000000,0.000000,0.000000,0.000000,0.000000,0.000000,0.000000,0.000000,0.000000,0.000000,0.000000,0.000000,0.000000,0.000000,0.000000,0.000000,0.000000,0.000000,0.000000,0.000000,0.000000,0.000000,0.000000,0.000000,0.000000,0.000000,0.000000,0.000000,7.000000
3.206267,3.021544,-2.017732,-4.474629,-3.046898,-1.345763,-0.920811,-0.440673,-0.444784,-0.310690,-0.328531,-0.277414,-0.332408,-0.283449,-0.327581,-0.293286,-0.369703,-0.320678,-0.398291,-0.380502,-0.494699,-0.472671,-0.556427,-0.535655,-0.631891,-0.576787,-0.635166,-0.492754,-0.500800,-0.335975,-0.276651,-0.039543,-0.031012,0.158721,0.179680,0.404658,0.387246,0.487722,0.411648,0.481948,0.416578,0.475921,0.431974,0.480361,0.428568,0.444949,0.431913,0.486029,0.460953,0.481888,0.488165,0.525807,0.540080,0.569272,0.609517,0.598791,0.636291,0.608483,0.607880,0.578968,0.601466,0.523768,0.548841,0.487539,0.503839,0.441628,0.425791,0.412908,0.397864,0.401251,0.370348,0.384757,0.351422,0.343745,0.330845,0.354182,0.312155,0.348922,0.287949,0.335114,0.271132,0.349193,0.252662,0.327382,0.233572,0.309840,0.220337,0.328482,0.201035,0.305568,0.202208,0.340267,0.231835,0.309308,0.221852,1.033767,2.895119,4.236345,2.363625,-1.717947,-4.188824,-2.773823,-1.407759,-0.987820,-0.552503,-0.496647,-0.395640,-0.447255,-0.384570,-0.434436,-0.415573,-0.491256,-0.457038,-0.535194,-0.515635,-0.581371,-0.571231,-0.659646,-0.686507,-0.760154,-0.790206,-0.828082,-0.879710,-0.907274,-0.931235,-0.799916,-0.677362,-0.446589,-0.328313,-0.116794,-0.043687,0.138565,0.101311,0.258504,0.172128,0.366062,0.297158,0.430850,0.288298,0.442018,0.302020,0.488682,0.340077,0.534922,0.349685,0.567328,0.312304,0.703095,0.171157,0.000000,0.000000,0.000000,0.000000,0.000000,0.000000,0.000000,0.000000,0.000000,0.000000,0.000000,0.000000,0.000000,0.000000,0.000000,0.000000,0.000000,0.000000,0.000000,0.000000,0.000000,0.000000,0.000000,0.000000,0.000000,0.000000,0.000000,0.000000,0.000000,0.000000,0.000000,0.000000,0.000000,0.000000,0.000000,0.000000,0.000000,0.000000,1.000000
3.108020,2.958381,-1.935145,-4.429346,-3.152242,-1.274186,-0.950004,-0.449435,-0.495246,-0.328197,-0.422915,-0.318979,-0.380061,-0.327512,-0.406132,-0.376421,-0.420191,-0.402624,-0.450205,-0.501962,-0.572794,-0.610063,-0.694133,-0.712616,-0.798419,-0.780635,-0.712036,-0.533871,-0.351522,-0.167386,-0.056442,0.105887,0.148258,0.225189,0.232712,0.309552,0.342003,0.444387,0.395421,0.455745,0.391606,0.475934,0.416951,0.470460,0.408380,0.472737,0.436701,0.508074,0.467427,0.558535,0.520711,0.598622,0.573920,0.618049,0.580265,0.609137,0.571091,0.582476,0.587997,0.545950,0.543549,0.503418,0.517604,0.476555,0.498785,0.424330,0.472951,0.412737,0.436660,0.388341,0.399930,0.361824,0.396398,0.373488,0.356974,0.359659,0.365928,0.353140,0.322708,0.316043,0.306973,0.329462,0.275202,0.314807,0.251014,0.293613,0.239484,0.312295,0.222033,0.279407,0.224096,0.291401,0.305280,1.538938,3.460044,3.944300,0.961532,-3.045340,-4.100856,-2.098576,-1.225913,-0.695637,-0.505958,-0.393154,-0.372846,-0.354210,-0.361374,-0.374219,-0.402140,-0.440042,-0.430597,-0.469410,-0.478004,-0.524077,-0.529518,-0.605707,-0.632083,-0.715904,-0.756694,-0.804352,-0.860126,-0.856546,-0.844923,-0.722501,-0.627968,-0.391739,-0.188672,0.074621,0.135404,0.294371,0.264160,0.355573,0.232065,0.329934,0.242753,0.437053,0.320208,0.470657,0.326156,0.491991,0.352166,0.518777,0.353301,0.561834,0.295070,0.681730,0.130502,0.000000,0.000000,0.000000,0.000000,0.000000,0.000000,0.000000,0.000000,0.000000,0.000000,0.000000,0.000000,0.000000,0.000000,0.000000,0.000000,0.000000,0.000000,0.000000,0.000000,0.000000,0.000000,0.000000,0.000000,0.000000,0.000000,0.000000,0.000000,0.000000,0.000000,0.000000,0.000000,0.000000,0.000000,0.000000,0.000000,0.000000,0.000000,0.000000,0.000000,1.000000
3.211307,3.244531,-1.323117,-4.192651,-3.853880,-1.707185,-1.150388,-0.533744,-0.470884,-0.254955,-0.331147,-0.196432,-0.276303,-0.179975,-0.287501,-0.202655,-0.302635,-0.214048,-0.331713,-0.270758,-0.387654,-0.331654,-0.476746,-0.420230,-0.564368,-0.507850,-0.660745,-0.595351,-0.760765,-0.689037,-0.700710,-0.515287,-0.432704,-0.204935,-0.122526,0.049183,0.138656,0.252769,0.244754,0.269600,0.310185,0.353972,0.417075,0.420630,0.441149,0.396396,0.435334,0.398970,0.449732,0.409023,0.437662,0.430889,0.452295,0.439373,0.467701,0.480547,0.506035,0.543495,0.543717,0.566479,0.563033,0.573520,0.545090,0.589241,0.505100,0.543546,0.490945,0.515470,0.442674,0.517636,0.420257,0.492917,0.377459,0.454235,0.381113,0.434063,0.345610,0.404525,0.321199,0.390736,0.332158,0.383770,0.334508,0.377490,0.327405,0.334747,0.313533,0.337619,0.301827,0.307303,0.298669,0.281148,0.273733,0.261110,0.272733,0.237539,0.269541,0.238707,0.273623,0.250662,0.290456,0.266147,0.297652,1.409796,3.470822,4.115874,1.600834,-2.415972,-4.362255,-2.743063,-1.506323,-0.974925,-0.602265,-0.445839,-0.425067,-0.355302,-0.352600,-0.345638,-0.397241,-0.336838,-0.428241,-0.400538,-0.491087,-0.436755,-0.556699,-0.514051,-0.637630,-0.616364,-0.758196,-0.717400,-0.829688,-0.800414,-0.860132,-0.798594,-0.784690,-0.596717,-0.427744,-0.150796,0.012769,0.163704,0.228641,0.328086,0.262800,0.276613,0.270690,0.328196,0.355759,0.416034,0.356542,0.455859,0.371717,0.490308,0.376369,0.557577,0.345420,0.687694,0.155581,0.000000,0.000000,0.000000,0.000000,0.000000,0.000000,0.000000,0.000000,0.000000,0.000000,0.000000,0.000000,0.000000,0.000000,0.000000,0.000000,0.000000,0.000000,0.000000,0.000000,0.000000,0.000000,0.000000,0.000000,0.000000,0.000000,0.000000,0.000000,0.000000,0.000000,1.000000
-0.147362,-0.107064,0.046888,0.167254,0.244312,0.343168,0.400186,0.526943,0.564808,0.696712,0.792720,0.918751,1.027699,1.165934,1.267324,1.355619,1.478065,1.507951,1.558970,1.516650,1.522620,1.374086,1.304907,1.115558,1.024783,0.789042,0.637670,0.431923,0.321299,0.144107,0.073370,-0.020829,-0.032319,-0.073642,-0.049273,-0.098936,-0.058182,-0.084006,-0.033282,-0.059907,-0.070334,-0.057498,-0.072800,-0.047690,-0.108912,-0.080385,-0.129268,-0.058608,-0.121481,-0.088780,-0.146354,-0.089256,-0.202163,-0.119234,-0.180666,-0.143854,-0.222776,-0.178133,-0.250456,-0.178413,-0.215021,-0.173473,-0.166667,-0.078638,-0.084976,-0.140306,-0.243919,-0.254919,-0.352959,-0.432452,-0.468398,-0.407193,-0.309321,-0.326592,-0.299156,-0.340984,-0.293906,-0.300416,-0.275439,-0.301206,-0.287514,-0.284390,-0.287673,-0.256942,-0.246750,-0.167532,0.009018,2.074686,1.740725,0.854709,0.807928,0.283599,-0.772547,-1.525147,-1.346973,-1.771912,-4.030943,-5.744640,-5.312230,-3.256458,-1.607208,-1.016901,-0.616076,-0.441336,-0.326362,-0.251466,-0.214687,-0.118202,-0.096962,-0.052000,-0.000726,0.049954,0.089514,0.178960,0.233688,0.268328,0.341884,0.375384,0.451131,0.472213,0.536758,0.508778,0.580685,0.523243,0.551958,0.473331,0.536362,0.438008,0.425680,0.317285,0.340909,0.190881,0.181425,0.085002,0.064921,0.019790,0.070432,0.038368,0.087290,0.034479,0.102197,0.043459,0.109098,0.000000,0.000000,0.000000,0.000000,0.000000,0.000000,0.000000,0.000000,0.000000,0.000000,0.000000,0.000000,0.000000,0.000000,0.000000,0.000000,0.000000,0.000000,0.000000,0.000000,0.000000,0.000000,0.000000,0.000000,0.000000,0.000000,0.000000,0.000000,0.000000,0.000000,0.000000,0.000000,0.000000,0.000000,0.000000,0.000000,0.000000,0.000000,0.000000,0.000000,0.000000,0.000000,0.000000,0.000000,7.000000
0.028285,0.210258,0.374065,0.455220,0.533552,0.588222,0.641683,0.702546,0.751112,0.809242,0.868770,0.938203,0.994547,1.068352,1.127352,1.193988,1.235649,1.267796,1.271123,1.267009,1.221403,1.148718,1.047993,0.916966,0.785344,0.633908,0.491088,0.343677,0.232626,0.108287,0.036186,-0.055393,-0.085368,-0.143863,-0.144149,-0.179917,-0.170799,-0.185110,-0.154647,-0.161739,-0.149087,-0.159801,-0.145487,-0.169872,-0.189688,-0.227128,-0.226893,-0.257288,-0.268164,-0.260618,-0.259988,-0.279550,-0.288901,-0.295773,-0.309846,-0.309969,-0.322159,-0.328100,-0.339198,-0.332556,-0.350604,-0.345499,-0.358545,-0.356678,-0.358221,-0.352233,-0.357278,-0.362472,-0.354313,-0.362159,-0.356257,-0.364740,-0.349601,-0.370788,-0.346020,-0.364266,-0.344526,-0.379481,-0.334339,-0.378368,-0.313473,-0.329167,0.289654,0.291289,-0.055914,-0.082994,-0.273067,-0.646035,-1.203288,-1.737197,-2.155835,-2.321025,-2.474291,-2.601625,-2.667108,-2.693727,-2.712062,-2.681417,-2.634599,-2.437400,-2.190459,-1.781798,-1.294998,-0.783643,-0.368128,-0.025148,0.223038,0.395585,0.472592,0.573017,0.634937,0.723592,0.789495,0.880576,0.953148,1.045356,1.116060,1.208773,1.267873,1.343094,1.391087,1.430525,1.442340,1.426968,1.389017,1.305073,1.216574,1.096474,0.969572,0.818295,0.681575,0.518484,0.395228,0.262693,0.166682,0.000000,0.000000,0.000000,0.000000,0.000000,0.000000,0.000000,0.000000,0.000000,0.000000,0.000000,0.000000,0.000000,0.000000,0.000000,0.000000,0.000000,0.000000,0.000000,0.000000,0.000000,0.000000,0.000000,0.000000,0.000000,0.000000,0.000000,0.000000,0.000000,0.000000,0.000000,0.000000,0.000000,0.000000,0.000000,0.000000,0.000000,0.000000,0.000000,0.000000,0.000000,0.000000,0.000000,0.000000,0.000000,0.000000,0.000000,0.000000,0.000000,0.000000,0.000000,0.000000,8.000000
-0.274601,-0.203703,0.137930,0.299509,0.403896,0.471651,0.542789,0.607612,0.665189,0.730550,0.792452,0.862037,0.937831,1.009872,1.083477,1.152600,1.221999,1.264901,1.318678,1.337087,1.350079,1.320135,1.279718,1.186614,1.087768,0.942266,0.813900,0.658707,0.531752,0.377350,0.273074,0.165608,0.085251,0.008307,-0.049714,-0.100289,-0.129266,-0.162078,-0.182925,-0.186181,-0.205369,-0.198859,-0.213396,-0.205315,-0.221000,-0.201447,-0.211890,-0.174065,-0.184889,-0.165862,-0.190556,-0.164525,-0.188216,-0.201726,-0.249083,-0.250623,-0.292546,-0.294706,-0.315405,-0.300209,-0.313144,-0.319274,-0.334955,-0.331742,-0.342444,-0.337489,-0.349024,-0.341596,-0.349751,-0.355154,-0.353978,-0.351645,-0.354579,-0.363401,-0.359316,-0.356259,-0.358999,-0.345591,-0.362860,-0.347688,-0.364576,-0.339042,-0.363252,-0.306536,-0.306597,0.278144,0.267549,-0.066374,-0.087264,-0.268053,-0.627878,-1.181703,-1.733795,-2.152672,-2.329568,-2.467707,-2.613158,-2.652347,-2.702900,-2.699059,-2.697419,-2.625178,-2.481467,-2.236272,-1.906043,-1.415833,-0.954713,-0.508736,-0.155974,0.134781,0.341147,0.440505,0.529994,0.608360,0.696789,0.765700,0.852526,0.921889,1.014196,1.090015,1.180459,1.250728,1.330518,1.379298,1.414250,1.426825,1.408546,1.373387,1.288029,1.206425,1.070622,0.952493,0.784010,0.664043,0.490866,0.391139,0.220794,0.196837,0.000000,0.000000,0.000000,0.000000,0.000000,0.000000,0.000000,0.000000,0.000000,0.000000,0.000000,0.000000,0.000000,0.000000,0.000000,0.000000,0.000000,0.000000,0.000000,0.000000,0.000000,0.000000,0.000000,0.000000,0.000000,0.000000,0.000000,0.000000,0.000000,0.000000,0.000000,0.000000,0.000000,0.000000,0.000000,0.000000,0.000000,0.000000,0.000000,0.000000,0.000000,0.000000,0.000000,0.000000,0.000000,0.000000,0.000000,0.000000,0.000000,8.000000
-0.072065,0.141554,0.337437,0.425452,0.513416,0.577599,0.653578,0.708121,0.788342,0.845996,0.936333,1.012577,1.102148,1.164963,1.260164,1.300520,1.367966,1.369253,1.375916,1.325207,1.262125,1.149362,1.044599,0.886771,0.750385,0.580628,0.468524,0.324621,0.228268,0.113775,0.038734,-0.033294,-0.080513,-0.127797,-0.148319,-0.172014,-0.185368,-0.191163,-0.205518,-0.207741,-0.200198,-0.186389,-0.191296,-0.167539,-0.169460,-0.157052,-0.160766,-0.157374,-0.196086,-0.207559,-0.237724,-0.256057,-0.274913,-0.288340,-0.271647,-0.280214,-0.280588,-0.292830,-0.290861,-0.310483,-0.306767,-0.333059,-0.318350,-0.340513,-0.326088,-0.346638,-0.328883,-0.354008,-0.333530,-0.356500,-0.337759,-0.358751,-0.335238,-0.360308,-0.340217,-0.366521,-0.336682,-0.360296,-0.340352,-0.360745,-0.331000,-0.360727,-0.307961,-0.316741,0.230242,0.379037,-0.034592,-0.063598,-0.259478,-0.559884,-1.162267,-1.715325,-2.202361,-2.377911,-2.549779,-2.644310,-2.723022,-2.736351,-2.762056,-2.729279,-2.681229,-2.466380,-2.182722,-1.711030,-1.188606,-0.665752,-0.243974,0.083186,0.306191,0.420258,0.508246,0.571555,0.659863,0.730061,0.828698,0.902095,0.989762,1.064006,1.166448,1.235536,1.318038,1.366000,1.416401,1.422499,1.420181,1.374331,1.312015,1.215731,1.091704,0.950979,0.808258,0.647849,0.504012,0.372879,0.247137,0.147853,0.073322,0.000000,0.000000,0.000000,0.000000,0.000000,0.000000,0.000000,0.000000,0.000000,0.000000,0.000000,0.000000,0.000000,0.000000,0.000000,0.000000,0.000000,0.000000,0.000000,0.000000,0.000000,0.000000,0.000000,0.000000,0.000000,0.000000,0.000000,0.000000,0.000000,0.000000,0.000000,0.000000,0.000000,0.000000,0.000000,0.000000,0.000000,0.000000,0.000000,0.000000,0.000000,0.000000,0.000000,0.000000,0.000000,0.000000,0.000000,0.000000,0.000000,0.000000,8.000000
-0.018685,0.088548,0.364091,0.415417,0.532304,0.572964,0.652741,0.692074,0.760675,0.802917,0.880731,0.932275,1.012380,1.078031,1.149006,1.218095,1.269594,1.310445,1.327555,1.327437,1.285916,1.232741,1.120763,1.013104,0.862678,0.729691,0.569004,0.440617,0.297201,0.187847,0.077478,-0.002308,-0.071869,-0.105544,-0.146676,-0.161976,-0.184810,-0.190009,-0.196460,-0.197977,-0.181853,-0.175633,-0.160400,-0.170250,-0.161009,-0.168493,-0.176761,-0.201589,-0.217160,-0.249350,-0.254746,-0.282180,-0.268286,-0.261241,-0.267222,-0.283568,-0.286218,-0.293429,-0.308714,-0.313570,-0.317166,-0.322924,-0.334119,-0.331504,-0.352572,-0.340142,-0.347531,-0.335859,-0.357882,-0.340088,-0.362433,-0.345318,-0.363093,-0.334181,-0.359798,-0.330386,-0.360811,-0.332649,-0.369577,-0.335269,-0.361135,-0.328731,-0.366110,-0.300699,-0.307848,0.228504,0.325422,-0.034280,-0.061017,-0.233670,-0.511106,-1.038808,-1.559597,-2.026035,-2.243242,-2.397955,-2.539730,-2.643427,-2.668138,-2.715899,-2.685257,-2.668840,-2.542778,-2.345388,-2.022000,-1.579166,-1.100339,-0.664322,-0.256901,0.031119,0.265765,0.386626,0.480153,0.572916,0.642096,0.728859,0.788380,0.882746,0.948521,1.048721,1.119976,1.210990,1.262446,1.340535,1.376355,1.416971,1.414373,1.417924,1.368427,1.319982,1.214207,1.124018,0.981460,0.860775,0.696075,0.579930,0.434722,0.360399,0.000000,0.000000,0.000000,0.000000,0.000000,0.000000,0.000000,0.000000,0.000000,0.000000,0.000000,0.000000,0.000000,0.000000,0.000000,0.000000,0.000000,0.000000,0.000000,0.000000,0.000000,0.000000,0.000000,0.000000,0.000000,0.000000,0.000000,0.000000,0.000000,0.000000,0.000000,0.000000,0.000000,0.000000,0.000000,0.000000,0.000000,0.000000,0.000000,0.000000,0.000000,0.000000,0.000000,0.000000,0.000000,0.000000,0.000000,0.000000,0.000000,8.000000
-0.070765,0.018525,0.315680,0.381969,0.489828,0.541310,0.614766,0.654634,0.724581,0.776976,0.840832,0.898583,0.966451,1.032341,1.096490,1.163577,1.210808,1.275777,1.299635,1.333301,1.314799,1.293753,1.226723,1.136256,1.006850,0.869573,0.721710,0.566390,0.426643,0.287458,0.179516,0.079806,0.010525,-0.062149,-0.095489,-0.157995,-0.162873,-0.190529,-0.180770,-0.203669,-0.189524,-0.210020,-0.195227,-0.210514,-0.190565,-0.209302,-0.182170,-0.197721,-0.170655,-0.179657,-0.168586,-0.179303,-0.173554,-0.200032,-0.216334,-0.253256,-0.267180,-0.302830,-0.314882,-0.317878,-0.299181,-0.310613,-0.321383,-0.326461,-0.333659,-0.326794,-0.337626,-0.340066,-0.341698,-0.340372,-0.348591,-0.351326,-0.360751,-0.355045,-0.352387,-0.361280,-0.360885,-0.357463,-0.347118,-0.349223,-0.344643,-0.360479,-0.333897,-0.361463,-0.306556,-0.341997,0.122027,0.380491,0.007603,-0.057517,-0.185098,-0.459085,-0.928789,-1.484853,-1.986440,-2.271088,-2.409052,-2.576792,-2.661893,-2.712071,-2.731594,-2.736813,-2.698924,-2.594033,-2.369000,-2.056477,-1.628897,-1.160551,-0.713412,-0.312744,-0.011994,0.256428,0.387272,0.478361,0.538585,0.621900,0.692059,0.770442,0.828096,0.919821,0.987842,1.086688,1.152036,1.240533,1.286569,1.355139,1.384684,1.413436,1.396908,1.373062,1.308838,1.227411,1.132977,1.003319,0.867260,0.713979,0.595976,0.430207,0.355486,0.000000,0.000000,0.000000,0.000000,0.000000,0.000000,0.000000,0.000000,0.000000,0.000000,0.000000,0.000000,0.000000,0.000000,0.000000,0.000000,0.000000,0.000000,0.000000,0.000000,0.000000,0.000000,0.000000,0.000000,0.000000,0.000000,0.000000,0.000000,0.000000,0.000000,0.000000,0.000000,0.000000,0.000000,0.000000,0.000000,0.000000,0.000000,0.000000,0.000000,0.000000,0.000000,0.000000,0.000000,0.000000,0.000000,0.000000,0.000000,8.000000
-0.157614,0.205165,0.454085,0.572330,0.652425,0.742176,0.790309,0.859982,0.904655,0.980385,1.029042,1.119722,1.185700,1.284450,1.350320,1.435873,1.489155,1.558964,1.595497,1.613201,1.585067,1.530784,1.416057,1.273453,1.102194,0.917932,0.738922,0.553801,0.423387,0.286320,0.192525,0.095373,0.052280,-0.005343,-0.019821,-0.054246,-0.050897,-0.075784,-0.069247,-0.081361,-0.079789,-0.119904,-0.179734,-0.250434,-0.264471,-0.195615,0.087076,0.488889,0.875456,1.416684,1.866288,2.287652,2.329568,2.001408,0.537397,-0.286970,-0.460325,-0.702281,-0.774565,-0.853228,-0.932713,-0.987805,-1.054581,-1.092281,-1.149688,-1.181408,-1.234863,-1.267922,-1.328863,-1.360425,-1.416862,-1.456879,-1.499079,-1.537031,-1.562953,-1.588219,-1.582514,-1.573295,-1.533880,-1.488164,-1.386368,-1.279651,-1.118117,-0.966189,-0.771253,-0.628045,-0.473451,-0.382093,-0.301734,-0.276416,-0.228069,-0.230042,-0.205947,-0.215435,-0.202649,-0.206140,-0.199754,-0.201097,-0.198497,-0.200390,-0.198325,-0.171362,-0.168644,-0.161226,0.000000,0.000000,0.000000,0.000000,0.000000,0.000000,0.000000,0.000000,0.000000,0.000000,0.000000,0.000000,0.000000,0.000000,0.000000,0.000000,0.000000,0.000000,0.000000,0.000000,0.000000,0.000000,0.000000,0.000000,0.000000,0.000000,0.000000,0.000000,0.000000,0.000000,0.000000,0.000000,0.000000,0.000000,0.000000,0.000000,0.000000,0.000000,0.000000,0.000000,0.000000,0.000000,0.000000,0.000000,0.000000,0.000000,0.000000,0.000000,0.000000,0.000000,0.000000,0.000000,0.000000,0.000000,0.000000,0.000000,0.000000,0.000000,0.000000,0.000000,0.000000,0.000000,0.000000,0.000000,0.000000,0.000000,0.000000,0.000000,0.000000,0.000000,0.000000,0.000000,0.000000,0.000000,0.000000,0.000000,0.000000,0.000000,0.000000,0.000000,0.000000,0.000000,0.000000,5.000000
-0.170576,-0.036874,0.275974,0.369984,0.475923,0.515529,0.597990,0.633983,0.712702,0.755322,0.826225,0.871245,0.959013,1.004263,1.100459,1.155382,1.233790,1.266143,1.324141,1.317193,1.305508,1.234154,1.147222,1.013849,0.866606,0.705798,0.554808,0.409395,0.280896,0.167600,0.069139,0.003443,-0.064234,-0.102062,-0.145756,-0.152446,-0.180700,-0.168279,-0.182347,-0.172525,-0.177962,-0.149024,-0.152481,-0.134202,-0.147265,-0.133491,-0.168097,-0.181817,-0.220067,-0.235836,-0.251805,-0.255262,-0.249575,-0.257163,-0.271993,-0.283229,-0.284440,-0.293405,-0.300606,-0.311254,-0.306014,-0.322284,-0.318748,-0.332854,-0.315360,-0.335862,-0.326613,-0.331182,-0.328659,-0.329380,-0.324768,-0.335398,-0.328278,-0.328388,-0.324635,-0.321558,-0.335300,-0.322185,-0.336359,-0.300599,-0.328194,0.049168,0.446041,0.042172,-0.040080,-0.168473,-0.450631,-0.949595,-1.527708,-2.006376,-2.263092,-2.389535,-2.547689,-2.636941,-2.680074,-2.702439,-2.702410,-2.671568,-2.560776,-2.329611,-2.021734,-1.575806,-1.092191,-0.630424,-0.236512,0.062910,0.301520,0.421446,0.509771,0.587159,0.671206,0.736481,0.820886,0.885073,0.993241,1.058392,1.158888,1.225915,1.315395,1.363736,1.429647,1.429817,1.437203,1.394229,1.319711,1.210463,1.100107,0.958234,0.810462,0.662902,0.502442,0.385591,0.231900,0.175266,0.000000,0.000000,0.000000,0.000000,0.000000,0.000000,0.000000,0.000000,0.000000,0.000000,0.000000,0.000000,0.000000,0.000000,0.000000,0.000000,0.000000,0.000000,0.000000,0.000000,0.000000,0.000000,0.000000,0.000000,0.000000,0.000000,0.000000,0.000000,0.000000,0.000000,0.000000,0.000000,0.000000,0.000000,0.000000,0.000000,0.000000,0.000000,0.000000,0.000000,0.000000,0.000000,0.000000,0.000000,0.000000,0.000000,0.000000,0.000000,0.000000,0.000000,0.000000,0.000000,0.000000,8.000000
-0.078139,0.186185,0.356799,0.456200,0.528600,0.596426,0.642010,0.713136,0.773164,0.840246,0.902766,0.977533,1.046269,1.111580,1.188509,1.244532,1.306258,1.338075,1.366693,1.340615,1.309990,1.224139,1.126616,0.968233,0.824449,0.652650,0.503014,0.345562,0.224522,0.113370,0.036184,-0.036361,-0.078689,-0.118030,-0.151672,-0.170241,-0.180102,-0.184489,-0.204436,-0.186965,-0.200107,-0.190040,-0.209133,-0.179219,-0.205233,-0.171933,-0.175259,-0.143621,-0.162713,-0.155856,-0.173618,-0.160310,-0.192651,-0.217290,-0.251826,-0.261650,-0.289531,-0.297188,-0.281560,-0.291576,-0.307821,-0.309452,-0.314156,-0.321830,-0.312063,-0.323487,-0.319340,-0.334843,-0.327835,-0.338303,-0.340485,-0.341222,-0.340934,-0.344704,-0.349552,-0.341785,-0.348889,-0.339971,-0.349582,-0.334291,-0.344160,-0.322581,-0.349282,-0.303374,-0.259551,0.395567,0.269645,-0.020052,-0.072881,-0.265270,-0.693226,-1.296925,-1.906691,-2.271621,-2.436979,-2.598132,-2.717337,-2.750488,-2.785017,-2.786587,-2.765482,-2.655941,-2.420410,-2.066512,-1.557548,-1.046354,-0.543791,-0.159455,0.167815,0.365703,0.482794,0.559762,0.652394,0.720560,0.820209,0.894841,0.990817,1.067785,1.159202,1.235550,1.313662,1.375909,1.428073,1.452738,1.442240,1.402584,1.325273,1.217955,1.072555,0.927413,0.764561,0.632065,0.472073,0.366544,0.225875,0.148711,0.047823,-0.007394,0.000000,0.000000,0.000000,0.000000,0.000000,0.000000,0.000000,0.000000,0.000000,0.000000,0.000000,0.000000,0.000000,0.000000,0.000000,0.000000,0.000000,0.000000,0.000000,0.000000,0.000000,0.000000,0.000000,0.000000,0.000000,0.000000,0.000000,0.000000,0.000000,0.000000,0.000000,0.000000,0.000000,0.000000,0.000000,0.000000,0.000000,0.000000,0.000000,0.000000,0.000000,0.000000,0.000000,0.000000,0.000000,0.000000,0.000000,0.000000,0.000000,8.000000
-0.448447,-0.018373,0.448249,0.633327,0.796237,0.881679,1.012747,1.099840,1.238180,1.311164,1.457913,1.548837,1.712701,1.805306,1.959784,2.037239,2.166876,2.205040,2.255203,2.193417,2.149524,1.996816,1.854540,1.617593,1.400541,1.152476,0.942065,0.710213,0.515330,0.343093,0.216786,0.107160,0.015360,-0.060717,-0.110784,-0.155832,-0.183603,-0.204771,-0.222756,-0.232153,-0.248536,-0.246343,-0.240581,-0.214991,-0.197949,-0.171393,-0.161850,-0.153504,-0.062222,0.033073,0.336553,0.611024,0.341070,-0.417856,-1.157030,-1.159360,-0.965685,-0.576490,-0.535031,-0.706490,-0.848597,-0.830503,-0.848060,-0.897118,-0.930600,-0.993754,-1.022106,-1.082033,-1.102495,-1.148585,-1.158331,-1.202425,-1.211769,-1.271729,-1.264435,-1.292686,-1.270079,-1.282649,-1.237524,-1.220376,-1.141482,-1.074086,-0.954050,-0.832211,-0.682749,-0.552720,-0.443088,-0.363429,-0.301021,-0.252168,-0.246575,-0.243339,-0.265601,-0.280656,-0.308873,-0.273727,-0.259219,-0.251939,-0.270822,-0.282942,-0.285271,-0.288434,-0.283947,0.000000,0.000000,0.000000,0.000000,0.000000,0.000000,0.000000,0.000000,0.000000,0.000000,0.000000,0.000000,0.000000,0.000000,0.000000,0.000000,0.000000,0.000000,0.000000,0.000000,0.000000,0.000000,0.000000,0.000000,0.000000,0.000000,0.000000,0.000000,0.000000,0.000000,0.000000,0.000000,0.000000,0.000000,0.000000,0.000000,0.000000,0.000000,0.000000,0.000000,0.000000,0.000000,0.000000,0.000000,0.000000,0.000000,0.000000,0.000000,0.000000,0.000000,0.000000,0.000000,0.000000,0.000000,0.000000,0.000000,0.000000,0.000000,0.000000,0.000000,0.000000,0.000000,0.000000,0.000000,0.000000,0.000000,0.000000,0.000000,0.000000,0.000000,0.000000,0.000000,0.000000,0.000000,0.000000,0.000000,0.000000,0.000000,0.000000,0.000000,0.000000,0.000000,0.000000,0.000000,5.000000
0.082490,0.625140,0.730802,0.921908,0.985990,1.115521,1.179315,1.291679,1.366689,1.470838,1.575996,1.705514,1.827942,1.943108,2.043731,2.112095,2.174823,2.152890,2.121947,1.968791,1.810334,1.547132,1.310046,1.015961,0.787661,0.541794,0.385037,0.210103,0.132426,0.048776,0.009394,-0.030767,-0.049484,-0.069011,-0.069803,-0.105467,-0.138670,-0.166245,-0.155576,-0.145291,-0.126253,-0.041652,0.063555,0.282932,0.454764,0.608369,0.842913,0.731274,-0.044806,-1.193907,-1.656185,-1.482070,-1.317411,-0.966963,-0.891820,-0.902878,-1.007942,-0.958126,-0.886192,-0.836480,-0.861702,-0.871187,-0.892772,-0.917572,-0.936130,-0.978677,-0.990213,-1.042394,-1.052890,-1.097252,-1.104837,-1.149526,-1.148984,-1.173080,-1.148803,-1.117093,-1.063989,-0.996967,-0.889861,-0.787909,-0.695399,-0.589117,-0.516376,-0.430785,-0.400023,-0.352343,-0.349899,-0.306331,-0.319021,-0.281315,-0.296628,-0.257334,-0.298784,-0.252278,-0.290550,-0.244751,-0.285872,-0.236621,-0.311415,0.000000,0.000000,0.000000,0.000000,0.000000,0.000000,0.000000,0.000000,0.000000,0.000000,0.000000,0.000000,0.000000,0.000000,0.000000,0.000000,0.000000,0.000000,0.000000,0.000000,0.000000,0.000000,0.000000,0.000000,0.000000,0.000000,0.000000,0.000000,0.000000,0.000000,0.000000,0.000000,0.000000,0.000000,0.000000,0.000000,0.000000,0.000000,0.000000,0.000000,0.000000,0.000000,0.000000,0.000000,0.000000,0.000000,0.000000,0.000000,0.000000,0.000000,0.000000,0.000000,0.000000,0.000000,0.000000,0.000000,0.000000,0.000000,0.000000,0.000000,0.000000,0.000000,0.000000,0.000000,0.000000,0.000000,0.000000,0.000000,0.000000,0.000000,0.000000,0.000000,0.000000,0.000000,0.000000,0.000000,0.000000,0.000000,0.000000,0.000000,0.000000,0.000000,0.000000,0.000000,0.000000,0.000000,0.000000,0.000000,5.000000
-0.231343,0.367623,0.667225,0.806310,0.993699,1.094885,1.236026,1.363688,1.518974,1.684589,1.856069,2.019536,2.183412,2.353231,2.463406,2.576312,2.573154,2.537457,2.372931,2.191756,1.909030,1.633284,1.292498,1.016199,0.712517,0.519908,0.314290,0.183716,0.067917,0.002387,-0.067574,-0.113003,-0.146521,-0.179555,-0.190368,-0.224123,-0.207743,-0.240638,-0.213704,-0.234723,-0.207796,-0.221913,-0.194939,-0.234112,-0.180600,-0.227243,-0.199505,-0.255950,-0.224798,-0.260616,-0.244789,-0.282444,-0.274469,-0.299538,-0.265264,-0.268274,-0.271328,-0.278493,-0.276199,-0.306190,-0.356176,-0.379668,-0.414366,-0.463828,-0.490443,-0.465819,-0.436386,-0.448883,-0.461657,-0.440118,-0.454850,-0.452700,-0.432165,-0.465464,-0.435441,-0.471065,-0.388472,-0.468393,0.210322,0.827337,0.161113,0.159287,-0.055446,-0.562850,-1.567218,-2.319361,-2.221848,-2.205304,-2.974058,-3.445790,-2.838614,-1.658744,-0.955458,-0.656922,-0.439231,-0.353871,-0.282134,-0.242255,-0.202613,-0.171369,-0.156870,-0.137195,-0.108582,-0.076688,-0.040464,0.008194,0.032971,0.090596,0.111798,0.172757,0.171082,0.218854,0.176473,0.194399,0.128593,0.140801,0.039018,0.025642,-0.082745,-0.123667,-0.214204,-0.220073,-0.286637,-0.280804,-0.310729,-0.301571,-0.340083,-0.318603,-0.319660,-0.317476,-0.314480,-0.311751,-0.332234,-0.328434,-0.355577,0.000000,0.000000,0.000000,0.000000,0.000000,0.000000,0.000000,0.000000,0.000000,0.000000,0.000000,0.000000,0.000000,0.000000,0.000000,0.000000,0.000000,0.000000,0.000000,0.000000,0.000000,0.000000,0.000000,0.000000,0.000000,0.000000,0.000000,0.000000,0.000000,0.000000,0.000000,0.000000,0.000000,0.000000,0.000000,0.000000,0.000000,0.000000,0.000000,0.000000,0.000000,0.000000,0.000000,0.000000,0.000000,0.000000,0.000000,0.000000,0.000000,0.000000,0.000000,0.000000,7.000000
-0.182691,-0.096411,0.247773,0.320670,0.426759,0.465091,0.534988,0.563348,0.630948,0.658181,0.722790,0.764974,0.843314,0.887244,0.969527,1.013076,1.106727,1.144914,1.216133,1.233100,1.266754,1.230785,1.209276,1.094903,1.015845,0.858690,0.744550,0.572377,0.454353,0.307758,0.218573,0.108267,0.045143,-0.029863,-0.069544,-0.111377,-0.122475,-0.143590,-0.145424,-0.139813,-0.124221,-0.114439,-0.114686,-0.114572,-0.109222,-0.102425,-0.123792,-0.137390,-0.177111,-0.178574,-0.204599,-0.206051,-0.209925,-0.199650,-0.223492,-0.228691,-0.239537,-0.247226,-0.254331,-0.262160,-0.269162,-0.284712,-0.279637,-0.297312,-0.287549,-0.304959,-0.291114,-0.314630,-0.296931,-0.315157,-0.292115,-0.311679,-0.290282,-0.321262,-0.287069,-0.315380,-0.282229,-0.319628,-0.283736,-0.316239,-0.286452,-0.320640,-0.289299,-0.323693,-0.278284,-0.329380,-0.268674,-0.323325,0.128407,0.377226,0.023150,-0.010708,-0.195282,-0.517482,-1.073661,-1.571136,-2.038546,-2.256079,-2.421675,-2.573636,-2.702543,-2.738282,-2.802670,-2.782821,-2.774478,-2.632899,-2.430855,-2.133819,-1.713415,-1.168504,-0.697402,-0.284023,0.017037,0.292424,0.426267,0.514205,0.596954,0.660432,0.739999,0.808144,0.896271,0.961419,1.049680,1.125066,1.215029,1.276321,1.369848,1.422594,1.499410,1.498084,1.514684,1.460325,1.414225,1.296821,1.200720,1.010388,0.877293,0.690303,0.566960,0.384349,0.322866,0.000000,0.000000,0.000000,0.000000,0.000000,0.000000,0.000000,0.000000,0.000000,0.000000,0.000000,0.000000,0.000000,0.000000,0.000000,0.000000,0.000000,0.000000,0.000000,0.000000,0.000000,0.000000,0.000000,0.000000,0.000000,0.000000,0.000000,0.000000,0.000000,0.000000,0.000000,0.000000,0.000000,0.000000,0.000000,0.000000,0.000000,0.000000,0.000000,0.000000,0.000000,0.000000,0.000000,0.000000,0.000000,0.000000,8.000000
-0.259416,0.302955,0.574319,0.759034,0.905799,1.029971,1.113579,1.245950,1.337766,1.489560,1.596362,1.760216,1.876718,2.070797,2.170888,2.339720,2.425253,2.554833,2.554456,2.567976,2.452222,2.335889,2.096942,1.881903,1.576514,1.331475,1.057115,0.836769,0.599152,0.401895,0.246290,0.121662,0.023810,-0.056500,-0.123615,-0.169782,-0.201033,-0.236223,-0.234795,-0.259895,-0.251357,-0.279469,-0.259677,-0.264556,-0.251496,-0.265724,-0.244509,-0.271261,-0.237446,-0.262759,-0.252498,-0.270736,-0.275448,-0.276797,-0.290748,-0.308784,-0.330756,-0.327018,-0.344587,-0.337956,-0.356175,-0.325968,-0.333581,-0.285138,-0.356367,-0.366960,-0.433955,-0.424586,-0.522201,-0.520360,-0.583055,-0.483277,-0.529369,-0.485267,-0.536575,-0.473637,-0.521513,-0.478951,-0.527459,-0.472462,-0.516975,-0.460445,-0.521219,-0.426280,-0.500272,0.287220,1.073780,0.271776,0.183723,-0.062345,-0.641906,-1.567640,-1.739239,-1.700291,-2.432872,-3.410818,-3.293557,-2.250349,-1.199567,-0.884209,-0.600968,-0.524854,-0.420791,-0.430400,-0.359092,-0.374657,-0.323723,-0.337562,-0.298023,-0.291400,-0.263203,-0.256115,-0.225108,-0.204432,-0.176557,-0.144338,-0.129086,-0.115712,-0.109740,-0.081224,-0.085628,-0.065879,-0.077528,-0.063387,-0.100110,-0.100387,-0.145121,-0.167621,-0.217901,-0.213685,-0.235067,-0.232670,-0.242144,-0.231429,-0.237240,-0.240889,-0.249713,-0.260408,-0.267887,-0.283827,-0.299100,0.000000,0.000000,0.000000,0.000000,0.000000,0.000000,0.000000,0.000000,0.000000,0.000000,0.000000,0.000000,0.000000,0.000000,0.000000,0.000000,0.000000,0.000000,0.000000,0.000000,0.000000,0.000000,0.000000,0.000000,0.000000,0.000000,0.000000,0.000000,0.000000,0.000000,0.000000,0.000000,0.000000,0.000000,0.000000,0.000000,0.000000,0.000000,0.000000,0.000000,0.000000,0.000000,0.000000,0.000000,0.000000,0.000000,7.000000
2.537122,2.539580,-0.918439,-3.343704,-3.409809,-1.710592,-1.314053,-0.806065,-0.739975,-0.578230,-0.627039,-0.572420,-0.600028,-0.586749,-0.645326,-0.644801,-0.700785,-0.702465,-0.756292,-0.805870,-0.855207,-0.894024,-0.974702,-0.999495,-1.087938,-1.129873,-1.174428,-1.131524,-1.156769,-1.034966,-0.939609,-0.752275,-0.595437,-0.314671,-0.219836,-0.004964,0.039347,0.175925,0.130544,0.212940,0.166562,0.236772,0.197639,0.286167,0.196557,0.286287,0.207196,0.282062,0.218879,0.284085,0.235352,0.307425,0.257281,0.297892,0.267465,0.289628,0.269384,0.328949,0.301282,0.292712,0.319793,0.320731,0.288949,0.296417,0.306556,0.278585,0.315627,0.285275,0.296076,0.269875,0.297463,0.266972,0.299336,0.273996,0.302417,0.285103,0.320826,0.377204,0.387819,0.415552,0.415377,0.431139,0.336039,0.347746,0.258743,0.264951,0.171210,0.191421,0.169642,0.285533,0.189468,0.284888,0.185835,0.313274,0.209057,0.315738,0.220065,0.330049,0.238532,0.328163,0.245255,0.361288,0.255494,0.405030,0.276219,0.487874,0.315688,2.258909,4.494514,5.030375,4.622008,1.776200,-1.377778,-2.422267,-1.018778,-0.546778,-0.174701,-0.101515,0.017469,-0.098393,-0.032377,-0.152490,-0.124780,-0.228363,-0.206665,-0.318770,-0.323191,-0.426971,-0.441101,-0.564624,-0.598175,-0.693092,-0.723729,-0.784160,-0.820545,-0.842818,-0.859234,-0.786758,-0.740374,-0.599909,-0.489984,-0.238077,-0.072335,0.161360,0.208014,0.376690,0.332913,0.427697,0.357359,0.454867,0.360346,0.446966,0.332160,0.446084,0.324471,0.462080,0.307157,0.488330,0.296106,0.552163,0.119531,0.000000,0.000000,0.000000,0.000000,0.000000,0.000000,0.000000,0.000000,0.000000,0.000000,0.000000,0.000000,0.000000,0.000000,0.000000,0.000000,0.000000,0.000000,0.000000,0.000000,0.000000,0.000000,0.000000,0.000000,0.000000,0.000000,7.000000
0.017757,0.324617,0.542149,0.663470,0.765939,0.812400,0.913477,0.974140,1.056806,1.138607,1.247006,1.351904,1.467657,1.613921,1.730266,1.906923,2.027222,2.209340,2.292721,2.408769,2.422662,2.416907,2.291939,2.126437,1.876987,1.610369,1.280070,0.996951,0.713283,0.499865,0.349783,0.225681,0.157324,0.102050,0.094148,0.055280,0.093579,0.006513,0.058790,0.019601,0.063700,-0.003272,0.036559,-0.022631,0.013371,-0.036267,0.039894,0.009684,0.060323,0.007140,0.019632,-0.052570,-0.099198,-0.169775,-0.238913,-0.288980,-0.332147,-0.322559,-0.298241,-0.304725,-0.323293,-0.312517,-0.346742,-0.327360,-0.357724,-0.332415,-0.364163,-0.334986,-0.382418,-0.325567,-0.383627,-0.335924,-0.373479,-0.352577,-0.379815,-0.344499,-0.347284,-0.315231,-0.348296,-0.317644,-0.330490,-0.299436,-0.306944,-0.278200,-0.309840,0.193810,1.290531,2.213125,3.022938,0.525776,-2.266304,-2.814013,-1.436294,-0.962239,-0.605769,-0.574122,-0.543659,-0.633060,-0.626834,-0.716821,-0.729553,-0.826657,-0.847004,-0.939137,-0.982651,-1.054212,-1.108378,-1.174831,-1.240041,-1.296183,-1.365849,-1.408822,-1.464459,-1.479026,-1.482598,-1.411329,-1.334908,-1.188562,-1.053045,-0.806491,-0.636505,-0.485161,-0.414006,-0.328095,-0.314946,-0.295936,-0.277481,-0.250771,-0.219500,-0.222459,-0.182765,-0.213933,-0.163886,-0.218991,-0.161232,-0.204531,-0.158899,-0.219530,-0.166829,-0.251732,0.000000,0.000000,0.000000,0.000000,0.000000,0.000000,0.000000,0.000000,0.000000,0.000000,0.000000,0.000000,0.000000,0.000000,0.000000,0.000000,0.000000,0.000000,0.000000,0.000000,0.000000,0.000000,0.000000,0.000000,0.000000,0.000000,0.000000,0.000000,0.000000,0.000000,0.000000,0.000000,0.000000,0.000000,0.000000,0.000000,0.000000,0.000000,0.000000,0.000000,0.000000,0.000000,0.000000,0.000000,0.000000,0.000000,0.000000,7.000000
3.038395,1.874477,-2.208252,-2.908377,-1.508845,-0.625329,-0.363405,-0.140496,-0.240559,-0.222877,-0.329736,-0.334202,-0.446137,-0.474543,-0.584436,-0.616335,-0.745413,-0.762464,-0.894592,-0.913912,-1.051947,-1.066095,-1.202798,-1.207499,-1.321592,-1.297067,-1.343851,-1.218643,-1.163114,-0.948989,-0.817676,-0.483989,-0.306655,-0.091330,-0.033541,0.099983,0.087455,0.138754,0.133737,0.194287,0.204225,0.228794,0.248732,0.238909,0.271714,0.231937,0.275832,0.250218,0.275792,0.235205,0.258282,0.216154,0.259793,0.213252,0.260431,0.212165,0.264118,0.215523,0.263616,0.198949,0.250049,0.199326,0.237942,0.198763,0.229347,0.199038,0.228978,0.199509,0.217116,0.208397,0.233772,0.292014,0.354965,0.376295,0.372931,0.381753,0.329596,0.271852,0.216881,0.166120,0.104246,0.132348,0.198291,0.167946,0.196419,0.187247,0.207785,0.210573,0.255977,0.216963,0.276877,0.213453,0.302457,0.226012,0.383507,0.240223,0.493609,0.182424,1.851889,4.479921,5.185061,4.803576,1.661042,-1.898475,-2.450389,-0.912367,-0.473160,-0.159041,-0.073989,-0.085830,-0.104918,-0.168811,-0.222381,-0.290054,-0.324665,-0.387160,-0.458934,-0.520088,-0.590552,-0.649393,-0.736963,-0.788309,-0.844502,-0.892724,-0.911576,-0.907944,-0.865889,-0.731196,-0.599152,-0.359089,-0.145198,0.056466,0.199208,0.288765,0.326759,0.372603,0.368259,0.394407,0.367289,0.373096,0.413581,0.399874,0.434945,0.422559,0.462553,0.387013,0.486652,0.339318,0.530400,0.314315,0.628181,0.127985,0.000000,0.000000,0.000000,0.000000,0.000000,0.000000,0.000000,0.000000,0.000000,0.000000,0.000000,0.000000,0.000000,0.000000,0.000000,0.000000,0.000000,0.000000,0.000000,0.000000,0.000000,0.000000,0.000000,0.000000,0.000000,0.000000,0.000000,0.000000,0.000000,0.000000,0.000000,0.000000,0.000000,0.000000,0.000000,7.000000
